title,description,link,status
98-86_Men's_Hoodie_H1037A20076A_Black.avi, Hamul de siguranta are 5 puncte de prindere. Spatarul este reglabil (5 pozitii). Bara pentru picioare este ajustabila. Rotile fata sunt pivotante dar se pot bloca pe directia inainte. Frana este actionata simultan pe rotile din spate. ,http://www.site1.com,processed
98-86_Men's_Hoodie_H1037A20076A_Blue.avi,Cadita gonflabila pentru grupa 0+ luni. Are 4 pozitii. Forma ergonomica. Dispune de un separator gonflabil care se prinde cu sistemul tip arici,http://www.site2.com,processed
98-86_Men's_Hoodie_H1037A20076A_Grey.avi,Umidificatorul cu ultrasunete care asigura un nivel optim de umiditate in aer. Asistenta imediata a problemelor respiratorii,http://www.site3.com,processed
98-86_Men's_Knitted_Pullover_H9600A93530A_Dark_Blue.avi,ELVIS va deveni in cel mai scurt timp,http://www.site4.com,un-process
98-86_Men's_Sweat_Jacket_H1060D20072A_Black.avi, Picior de fixare pentru impiedicarea balansului. Reglarea separata a sezutului si spatarului permit ajustarea pozitiei. Husa din bumbac detasabila si lavabila la 30 de grade. Are sistem de blocare,http://www.site5.com,un-process
98-86_Men's_Sweat_Jacket_H1060D20072A_Grey_Melange.avi, Spatarul cu margini laterale asigura atat confortul copilului in timpul calatoriei cat si protectia suplimentara in caz de impact. Centurile proprii cu fixare in 5 puncte completeaza masurile de siguranta pentru copii cu varsta mica. ,http://www.site6.com,un-process
98-86_Men's_Sweat_Jacket_H1060D20078A_Black.avi, Special conceputa pentru a fi atasata la marginea patului. Proiecteaza pe tavan doua tipuri de imagini: luna si stele. Multiple reglaje si o gama variata de melodii: sunete din natura,http://www.site7.com,un-process
98-86_Men's_Sweat_Jacket_H1060D20078A_Dark_Green.avi, Foarma patrata - foarte usor de pliat dintr-o singura miscare. Saltea cu jucarii: crabi,http://www.site8.com,processing
98-86_Men's_Sweat_Jacket_H1060D20078A_Dark_Grey.avi, Pe tablita de activitati este un mic martian care il ajuta pe copil atunci cand se joaca cu butoanele muzicale si cu rotitele. Ajustabil in 2 pozitii pe inaltime. Usor de desfacut si de curatat. Husa din bumbac detasabila si lavabila la 30 de grade. ,http://www.site9.com,un-process
98-86_Men's_Sweatshirt_H1037A20098A_Light_Grey.avi, Bretea pentru o transportare usoara. Salteluta pentru infasat din bumbac. Husa izoterma pentru biberon. Sac pentru scutece murdare. Lavabila la 30 de grade. Poate fi atasata pe oricare tip de carucior. ,http://www.site10.com,un-process
98-86_Men's_T-Shirt_H1203S20160A_Anthracite.avi, Prevazut cu 4 manere care il ajuta pe copil sa stea singur in picioare. Marginea confectionata dintr-un material special antimuscatura. Toate cele 4 laturi sunt confectionate din plasa - copilul poate vedea toata camera.,http://www.site11.com,un-process
98-86_Men's_T-Shirt_H1203S20160A_Mocha_Brown.avi, Fotoliu poate fi reglat in 5 pozitii de inclinare. Structura metalica dispune de o talpa din plastic ce poate fi reglata asigurand fotoliului un plus de inclinare pentru o mai buna stabilitate si confort,http://www.site12.com,un-process
98-86_Men's_T-Shirt_V-Neck_H1203S20030L_Green.avi, Forma dreptunghiulara. Prevazut cu 4 manere care il ajuta pe copil sa stea singur in picioare. Saltea cu jucarii: 2 albine cu aripi fosnitoare,http://www.site13.com,un-process
